{"ratio": [], "shift": [["réserver,Reservations", 0], ["réserver,Places", 0], ["posseder,Users", 0], ["posseder,Reservations", 0]], "colors": [["annotation_color", "#762a83"], ["annotation_text_color", "#f7f7f7"], ["association_attribute_text_color", "#000000"], ["association_cartouche_color", "#c2a5cf"], ["association_cartouche_text_color", "#000000"], ["association_color", "#e7d4e8"], ["association_stroke_color", "#9970ab"], ["background_color", "#f7f7f7"], ["card_text_color", "#1b7837"], ["entity_attribute_text_color", "#000000"], ["entity_cartouche_color", "#a6dba0"], ["entity_cartouche_text_color", "#000000"], ["entity_color", "#d9f0d3"], ["entity_stroke_color", "#5aae61"], ["leg_stroke_color", "#9970ab"], ["transparent_color", "none"]], "cy": [["Reservations", 51], ["réserver", 51], ["Users", 194], ["posseder", 194], ["Places", 194], ["Reglage", 295]], "cx": [["Reservations", 144], ["réserver", 253], ["Users", 43], ["posseder", 144], ["Places", 253], ["Reglage", 144]], "size": [295, 338]}